{
  "model_name": "MLP with LASSO",
  "evaluation_date": "2026-04-20T17:02:05.126269",
  "metrics": {
    "accuracy": 0.6904761904761905,
    "precision": 0.6902037702953036,
    "recall": 0.6904761904761905,
    "f1": 0.68994708994709,
    "confusion_matrix": [
      [
        13,
        7
      ],
      [
        6,
        16
      ]
    ],
    "classification_report": {
      "0": {
        "precision": 0.6842105263157895,
        "recall": 0.65,
        "f1-score": 0.6666666666666666,
        "support": 20.0
      },
      "1": {
        "precision": 0.6956521739130435,
        "recall": 0.7272727272727273,
        "f1-score": 0.7111111111111111,
        "support": 22.0
      },
      "accuracy": 0.6904761904761905,
      "macro avg": {
        "precision": 0.6899313501144164,
        "recall": 0.6886363636363637,
        "f1-score": 0.6888888888888889,
        "support": 42.0
      },
      "weighted avg": {
        "precision": 0.6902037702953036,
        "recall": 0.6904761904761905,
        "f1-score": 0.68994708994709,
        "support": 42.0
      }
    },
    "roc_auc": 0.8704545454545455,
    "pr_auc": 0.8638895872198642,
    "fpr": [
      0.0,
      0.0,
      0.0,
      0.05,
      0.05,
      0.2,
      0.2,
      0.35,
      0.35,
      1.0
    ],
    "tpr": [
      0.0,
      0.045454545454545456,
      0.18181818181818182,
      0.18181818181818182,
      0.6818181818181818,
      0.6818181818181818,
      0.7272727272727273,
      0.7272727272727273,
      1.0,
      1.0
    ],
    "precision_curve": [
      0.5238095238095238,
      0.5365853658536586,
      0.55,
      0.5641025641025641,
      0.5789473684210527,
      0.5945945945945946,
      0.6111111111111112,
      0.6285714285714286,
      0.6470588235294118,
      0.6666666666666666,
      0.6875,
      0.7096774193548387,
      0.7333333333333333,
      0.7586206896551724,
      0.75,
      0.7407407407407407,
      0.7307692307692307,
      0.72,
      0.7083333333333334,
      0.6956521739130435,
      0.7272727272727273,
      0.7619047619047619,
      0.8,
      0.7894736842105263,
      0.8333333333333334,
      0.8823529411764706,
      0.9375,
      0.9333333333333333,
      0.9285714285714286,
      0.9230769230769231,
      0.9166666666666666,
      0.9090909090909091,
      0.9,
      0.8888888888888888,
      0.875,
      0.8571428571428571,
      0.8333333333333334,
      0.8,
      1.0,
      1.0,
      1.0,
      1.0,
      1.0
    ],
    "recall_curve": [
      1.0,
      1.0,
      1.0,
      1.0,
      1.0,
      1.0,
      1.0,
      1.0,
      1.0,
      1.0,
      1.0,
      1.0,
      1.0,
      1.0,
      0.9545454545454546,
      0.9090909090909091,
      0.8636363636363636,
      0.8181818181818182,
      0.7727272727272727,
      0.7272727272727273,
      0.7272727272727273,
      0.7272727272727273,
      0.7272727272727273,
      0.6818181818181818,
      0.6818181818181818,
      0.6818181818181818,
      0.6818181818181818,
      0.6363636363636364,
      0.5909090909090909,
      0.5454545454545454,
      0.5,
      0.45454545454545453,
      0.4090909090909091,
      0.36363636363636365,
      0.3181818181818182,
      0.2727272727272727,
      0.22727272727272727,
      0.18181818181818182,
      0.18181818181818182,
      0.13636363636363635,
      0.09090909090909091,
      0.045454545454545456,
      0.0
    ],
    "train_accuracy": 0.8253012048192772,
    "train_precision": 0.8257284456976846,
    "train_recall": 0.8253012048192772,
    "train_f1": 0.8247566125432526
  },
  "predictions": {
    "y_test": [
      1,
      1,
      1,
      1,
      0,
      0,
      0,
      1,
      0,
      0,
      1,
      0,
      1,
      1,
      1,
      1,
      0,
      0,
      1,
      0,
      0,
      1,
      0,
      1,
      1,
      1,
      1,
      0,
      1,
      1,
      1,
      0,
      1,
      0,
      1,
      0,
      0,
      0,
      0,
      0,
      0,
      1
    ],
    "y_pred": [
      0,
      0,
      1,
      1,
      0,
      1,
      0,
      1,
      0,
      0,
      1,
      1,
      0,
      0,
      1,
      1,
      1,
      1,
      1,
      1,
      0,
      0,
      0,
      1,
      1,
      1,
      1,
      0,
      1,
      1,
      0,
      0,
      1,
      1,
      1,
      0,
      1,
      0,
      0,
      0,
      0,
      1
    ],
    "y_pred_proba": [
      0.3411485696365997,
      0.42151420534415024,
      0.7402785841054521,
      0.9355943148739514,
      0.30753639048068643,
      0.8465518367741215,
      0.26518213366935733,
      0.9623433426205423,
      0.23926574221115351,
      0.2981075052099503,
      0.7948743292720211,
      0.6151556635157686,
      0.43543120051904427,
      0.4164007014361562,
      0.5769220073968837,
      0.728248731292712,
      0.5156159060624256,
      0.5179275126396764,
      0.6578106664302893,
      0.5645341019052086,
      0.25020839368582737,
      0.34918540996346353,
      0.2897646559254516,
      0.8391471689112714,
      0.718592758492474,
      0.6770040007339503,
      0.6723854510386652,
      0.282106406102746,
      0.8888055506337477,
      0.8897349897002365,
      0.4559001071505187,
      0.265932471178497,
      0.7000575086486945,
      0.6389084875950235,
      0.8402891573087031,
      0.3219370125659041,
      0.579558232694805,
      0.2647115413980325,
      0.2505898062536782,
      0.2466148841262314,
      0.20274560713445813,
      0.6892332173667634
    ]
  }
}