{
  "hidden_layer_sizes": [
    32,
    16
  ],
  "random_state": 42,
  "model_params": {
    "activation": "relu",
    "alpha": 0.001,
    "batch_size": 16,
    "beta_1": 0.9,
    "beta_2": 0.999,
    "early_stopping": true,
    "epsilon": 1e-08,
    "hidden_layer_sizes": [
      32,
      16
    ],
    "learning_rate": "constant",
    "learning_rate_init": 0.001,
    "max_fun": 15000,
    "max_iter": 500,
    "momentum": 0.9,
    "n_iter_no_change": 10,
    "nesterovs_momentum": true,
    "power_t": 0.5,
    "random_state": 42,
    "shuffle": true,
    "solver": "adam",
    "tol": 0.0001,
    "validation_fraction": 0.1,
    "verbose": false,
    "warm_start": false
  },
  "training_history": {
    "loss_curve": [
      0.7830417862192331,
      0.724267871268126,
      0.68247390127973,
      0.6443445897264544,
      0.6140950297657866,
      0.5877957554191126,
      0.5637189026990583,
      0.5405411356102484,
      0.5191908006070123,
      0.5007047759920086,
      0.48285155047681,
      0.46534073664822934,
      0.44938053229024927,
      0.4346068642589675,
      0.418594709836545,
      0.40449884093411465,
      0.39036776737039136,
      0.37865285739614374,
      0.36667753880502624,
      0.3567295236743551,
      0.3464389856373053,
      0.33761277119974575,
      0.32869676016305027
    ],
    "validation_scores": [
      0.5882352941176471,
      0.7058823529411765,
      0.7058823529411765,
      0.7058823529411765,
      0.7058823529411765,
      0.7058823529411765,
      0.7647058823529411,
      0.7058823529411765,
      0.7647058823529411,
      0.7647058823529411,
      0.7647058823529411,
      0.8235294117647058,
      0.8235294117647058,
      0.8235294117647058,
      0.7647058823529411,
      0.7647058823529411,
      0.7058823529411765,
      0.7058823529411765,
      0.7058823529411765,
      0.7058823529411765,
      0.7058823529411765,
      0.6470588235294118,
      0.7058823529411765
    ],
    "best_loss": null,
    "n_iter": 23,
    "n_layers": 4,
    "n_outputs": 1
  }
}