{
  "comparison_date": "2026-04-20T17:48:06.106584",
  "results": {
    "MLP with LASSO": {
      "accuracy": 0.6904761904761905,
      "precision": 0.6902037702953036,
      "recall": 0.6904761904761905,
      "f1": 0.68994708994709,
      "confusion_matrix": [
        [
          13,
          7
        ],
        [
          6,
          16
        ]
      ],
      "classification_report": {
        "0": {
          "precision": 0.6842105263157895,
          "recall": 0.65,
          "f1-score": 0.6666666666666666,
          "support": 20.0
        },
        "1": {
          "precision": 0.6956521739130435,
          "recall": 0.7272727272727273,
          "f1-score": 0.7111111111111111,
          "support": 22.0
        },
        "accuracy": 0.6904761904761905,
        "macro avg": {
          "precision": 0.6899313501144164,
          "recall": 0.6886363636363637,
          "f1-score": 0.6888888888888889,
          "support": 42.0
        },
        "weighted avg": {
          "precision": 0.6902037702953036,
          "recall": 0.6904761904761905,
          "f1-score": 0.68994708994709,
          "support": 42.0
        }
      },
      "roc_auc": 0.8704545454545455,
      "pr_auc": 0.8638895872198642,
      "fpr": [
        0.0,
        0.0,
        0.0,
        0.05,
        0.05,
        0.2,
        0.2,
        0.35,
        0.35,
        1.0
      ],
      "tpr": [
        0.0,
        0.045454545454545456,
        0.18181818181818182,
        0.18181818181818182,
        0.6818181818181818,
        0.6818181818181818,
        0.7272727272727273,
        0.7272727272727273,
        1.0,
        1.0
      ],
      "precision_curve": [
        0.5238095238095238,
        0.5365853658536586,
        0.55,
        0.5641025641025641,
        0.5789473684210527,
        0.5945945945945946,
        0.6111111111111112,
        0.6285714285714286,
        0.6470588235294118,
        0.6666666666666666,
        0.6875,
        0.7096774193548387,
        0.7333333333333333,
        0.7586206896551724,
        0.75,
        0.7407407407407407,
        0.7307692307692307,
        0.72,
        0.7083333333333334,
        0.6956521739130435,
        0.7272727272727273,
        0.7619047619047619,
        0.8,
        0.7894736842105263,
        0.8333333333333334,
        0.8823529411764706,
        0.9375,
        0.9333333333333333,
        0.9285714285714286,
        0.9230769230769231,
        0.9166666666666666,
        0.9090909090909091,
        0.9,
        0.8888888888888888,
        0.875,
        0.8571428571428571,
        0.8333333333333334,
        0.8,
        1.0,
        1.0,
        1.0,
        1.0,
        1.0
      ],
      "recall_curve": [
        1.0,
        1.0,
        1.0,
        1.0,
        1.0,
        1.0,
        1.0,
        1.0,
        1.0,
        1.0,
        1.0,
        1.0,
        1.0,
        1.0,
        0.9545454545454546,
        0.9090909090909091,
        0.8636363636363636,
        0.8181818181818182,
        0.7727272727272727,
        0.7272727272727273,
        0.7272727272727273,
        0.7272727272727273,
        0.7272727272727273,
        0.6818181818181818,
        0.6818181818181818,
        0.6818181818181818,
        0.6818181818181818,
        0.6363636363636364,
        0.5909090909090909,
        0.5454545454545454,
        0.5,
        0.45454545454545453,
        0.4090909090909091,
        0.36363636363636365,
        0.3181818181818182,
        0.2727272727272727,
        0.22727272727272727,
        0.18181818181818182,
        0.18181818181818182,
        0.13636363636363635,
        0.09090909090909091,
        0.045454545454545456,
        0.0
      ],
      "train_accuracy": 0.8253012048192772,
      "train_precision": 0.8257284456976846,
      "train_recall": 0.8253012048192772,
      "train_f1": 0.8247566125432526
    },
    "Logistic Regression": {
      "accuracy": 0.8095238095238095,
      "precision": 0.8132034632034633,
      "recall": 0.8095238095238095,
      "f1": 0.8095238095238095,
      "confusion_matrix": [
        [
          17,
          3
        ],
        [
          5,
          17
        ]
      ],
      "classification_report": {
        "0": {
          "precision": 0.7727272727272727,
          "recall": 0.85,
          "f1-score": 0.8095238095238095,
          "support": 20.0
        },
        "1": {
          "precision": 0.85,
          "recall": 0.7727272727272727,
          "f1-score": 0.8095238095238095,
          "support": 22.0
        },
        "accuracy": 0.8095238095238095,
        "macro avg": {
          "precision": 0.8113636363636363,
          "recall": 0.8113636363636363,
          "f1-score": 0.8095238095238095,
          "support": 42.0
        },
        "weighted avg": {
          "precision": 0.8132034632034633,
          "recall": 0.8095238095238095,
          "f1-score": 0.8095238095238095,
          "support": 42.0
        }
      },
      "roc_auc": 0.9045454545454545,
      "pr_auc": 0.8911652520302282,
      "fpr": [
        0.0,
        0.0,
        0.0,
        0.05,
        0.05,
        0.1,
        0.1,
        0.15,
        0.15,
        0.25,
        0.25,
        0.3,
        0.3,
        1.0
      ],
      "tpr": [
        0.0,
        0.045454545454545456,
        0.22727272727272727,
        0.22727272727272727,
        0.5454545454545454,
        0.5454545454545454,
        0.7727272727272727,
        0.7727272727272727,
        0.8181818181818182,
        0.8181818181818182,
        0.9090909090909091,
        0.9090909090909091,
        1.0,
        1.0
      ],
      "precision_curve": [
        0.5238095238095238,
        0.5365853658536586,
        0.55,
        0.5641025641025641,
        0.5789473684210527,
        0.5945945945945946,
        0.6111111111111112,
        0.6285714285714286,
        0.6470588235294118,
        0.6666666666666666,
        0.6875,
        0.7096774193548387,
        0.7333333333333333,
        0.7586206896551724,
        0.7857142857142857,
        0.7777777777777778,
        0.7692307692307693,
        0.8,
        0.7916666666666666,
        0.782608695652174,
        0.8181818181818182,
        0.8571428571428571,
        0.85,
        0.8947368421052632,
        0.8888888888888888,
        0.8823529411764706,
        0.875,
        0.8666666666666667,
        0.8571428571428571,
        0.9230769230769231,
        0.9166666666666666,
        0.9090909090909091,
        0.9,
        0.8888888888888888,
        0.875,
        0.8571428571428571,
        0.8333333333333334,
        1.0,
        1.0,
        1.0,
        1.0,
        1.0,
        1.0
      ],
      "recall_curve": [
        1.0,
        1.0,
        1.0,
        1.0,
        1.0,
        1.0,
        1.0,
        1.0,
        1.0,
        1.0,
        1.0,
        1.0,
        1.0,
        1.0,
        1.0,
        0.9545454545454546,
        0.9090909090909091,
        0.9090909090909091,
        0.8636363636363636,
        0.8181818181818182,
        0.8181818181818182,
        0.8181818181818182,
        0.7727272727272727,
        0.7727272727272727,
        0.7272727272727273,
        0.6818181818181818,
        0.6363636363636364,
        0.5909090909090909,
        0.5454545454545454,
        0.5454545454545454,
        0.5,
        0.45454545454545453,
        0.4090909090909091,
        0.36363636363636365,
        0.3181818181818182,
        0.2727272727272727,
        0.22727272727272727,
        0.22727272727272727,
        0.18181818181818182,
        0.13636363636363635,
        0.09090909090909091,
        0.045454545454545456,
        0.0
      ],
      "train_accuracy": 0.8433734939759037,
      "train_precision": 0.8433734939759037,
      "train_recall": 0.8433734939759037,
      "train_f1": 0.8433734939759037
    },
    "SVM": {
      "accuracy": 0.8333333333333334,
      "precision": 0.8337147215865751,
      "recall": 0.8333333333333334,
      "f1": 0.8330484330484331,