{
  "experiment_name": "\u8fc7\u62df\u5408\u4fee\u590d\u5b9e\u9a8c",
  "timestamp": "20260420_181451",
  "configurations": [
    {
      "name": "\u539f\u59cb\u914d\u7f6e",
      "train_accuracy": 0.8253012048192772,
      "test_accuracy": 0.6904761904761905,
      "overfitting": 0.1348250143430867,
      "n_iter": 23,
      "hidden_layer_sizes": [
        32,
        16
      ],
      "alpha": 0.001,
      "max_iter": 500,
      "n_iter_no_change": 10,
      "loss_curve": [
        0.7830417862192331,
        0.724267871268126,
        0.68247390127973,
        0.6443445897264544,
        0.6140950297657866,
        0.5877957554191126,
        0.5637189026990583,
        0.5405411356102484,
        0.5191908006070123,
        0.5007047759920086,
        0.48285155047681,
        0.46534073664822934,
        0.44938053229024927,
        0.4346068642589675,
        0.418594709836545,
        0.40449884093411465,
        0.39036776737039136,
        0.37865285739614374,
        0.36667753880502624,
        0.3567295236743551,
        0.3464389856373053,
        0.33761277119974575,
        0.32869676016305027
      ],
      "validation_scores": [
        0.5882352941176471,
        0.7058823529411765,
        0.7058823529411765,
        0.7058823529411765,
        0.7058823529411765,
        0.7058823529411765,
        0.7647058823529411,
        0.7058823529411765,
        0.7647058823529411,
        0.7647058823529411,
        0.7647058823529411,
        0.8235294117647058,
        0.8235294117647058,
        0.8235294117647058,
        0.7647058823529411,
        0.7647058823529411,
        0.7058823529411765,
        0.7058823529411765,
        0.7058823529411765,
        0.7058823529411765,
        0.7058823529411765,
        0.6470588235294118,
        0.7058823529411765
      ]
    },
    {
      "name": "\u964d\u4f4e\u590d\u6742\u5ea6",
      "train_accuracy": 0.5783132530120482,
      "test_accuracy": 0.5476190476190477,
      "overfitting": 0.030694205393000495,
      "n_iter": 14,
      "hidden_layer_sizes": [
        16,
        8
      ],
      "alpha": 0.001,
      "max_iter": 500,
      "n_iter_no_change": 10,
      "loss_curve": [
        0.7406562071744768,
        0.7150615720467673,
        0.6943494668656812,
        0.6751505146747308,
        0.6578119945849803,
        0.6412317811026763,
        0.6250116664009313,
        0.6092950868330637,
        0.5917929193512369,
        0.5761756173453197,
        0.5591648203703001,
        0.5443584786717182,
        0.5278564681675671,
        0.5117722371546237
      ],
      "validation_scores": [
        0.5294117647058824,
        0.5294117647058824,
        0.6470588235294118,
        0.6470588235294118,
        0.5882352941176471,
        0.6470588235294118,
        0.6470588235294118,
        0.6470588235294118,
        0.6470588235294118,
        0.6470588235294118,
        0.6470588235294118,
        0.6470588235294118,
        0.5882352941176471,
        0.5882352941176471
      ]
    },
    {
      "name": "\u589e\u5f3a\u6b63\u5219\u5316",
      "train_accuracy": 0.8253012048192772,
      "test_accuracy": 0.6904761904761905,
      "overfitting": 0.1348250143430867,
      "n_iter": 23,
      "hidden_layer_sizes": [
        32,
        16
      ],
      "alpha": 0.01,
      "max_iter": 500,
      "n_iter_no_change": 10,
      "loss_curve": [
        0.7956010701555162,
        0.7367549437125926,
        0.6949489609789511,
        0.6568425542714987,
        0.6266676203724045,
        0.6004341465186325,
        0.5764482447499049,
        0.5533554396254381,
        0.5321237854038505,
        0.51373518005789,
        0.49598987549751705,
        0.47863150033355273,
        0.4628012487244596,
        0.44813477053332057,
        0.4323154337700677,
        0.4183857012073946,
        0.40438500050156484,
        0.392898564255827,
        0.38108551980255057,
        0.3711418593826651,
        0.3609024036234336,
        0.35205529827302623,
        0.34340269030845927
      ],
      "validation_scores": [
        0.5882352941176471,
        0.7058823529411765,
        0.7058823529411765,
        0.7058823529411765,
        0.7058823529411765,
        0.7058823529411765,
        0.7647058823529411,
        0.7058823529411765,
        0.7647058823529411,
        0.7647058823529411,
        0.7647058823529411,
        0.8235294117647058,
        0.8235294117647058,
        0.8235294117647058,
        0.7647058823529411,
        0.7647058823529411,
        0.7058823529411765,
        0.7058823529411765,
        0.7058823529411765,
        0.7058823529411765,
        0.7058823529411765,
        0.7058823529411765,
        0.7058823529411765
      ]
    },
    {
      "name": "\u65e9\u505c\u4f18\u5316",
      "train_accuracy": 0.8253012048192772,
      "test_accuracy": 0.6904761904761905,
      "overfitting": 0.1348250143430867,
      "n_iter": 18,
      "hidden_layer_sizes": [
        32,
        16
      ],
      "alpha": 0.001,
      "max_iter": 100,
      "n_iter_no_change": 5,
      "loss_curve": [
        0.7830417862192331,
        0.724267871268126,
        0.68247390127973,
        0.6443445897264544,
        0.6140950297657866,
        0.5877957554191126,
        0.5637189026990583,
        0.5405411356102484,
        0.5191908006070123,
        0.5007047759920086,
        0.48285155047681,
        0.46534073664822934,
        0.44938053229024927,
        0.4346068642589675,
        0.418594709836545,
        0.40449884093411465,
        0.39036776737039136,
        0.37865285739614374
      ],
      "validation_scores": [
        0.5882352941176471,
        0.7058823529411765,
        0.7058823529411765,
        0.7058823529411765,
        0.7058823529411765,
        0.7058823529411765,
        0.7647058823529411,
        0.7058823529411765,
        0.7647058823529411,
        0.7647058823529411,
        0.7647058823529411,
        0.8235294117647058,
        0.8235294117647058,
        0.8235294117647058,
        0.7647058823529411,
        0.7647058823529411,
        0.7058823529411765,
        0.7058823529411765
      ]
    },
    {
      "name": "\u7efc\u5408\u4fee\u590d",
      "train_accuracy": 0.5783132530120482,
      "test_accuracy": 0.5238095238095238,
      "overfitting": 0.05450372920252433,
      "n_iter": 9,
      "hidden_layer_sizes": [
        16,
        8
      ],
      "alpha": 0.01,
      "max_iter": 100,
      "n_iter_no_change": 5,
      "loss_curve": [
        0.7485533465195734,
        0.7229300990916436,
        0.7022825036746186,
        0.6831066857708967,
        0.6658117529821082,
        0.6492504356691849,
        0.6330741461681105,
        0.6174424754559255,
        0.6000335995751873
      ],
      "validation_scores": [
        0.5294117647058824,
        0.5294117647058824,
        0.6470588235294118,
        0.6470588235294118,
        0.5882352941176471,
        0.6470588235294118,
        0.6470588235294118,
        0.6470588235294118,
        0.6470588235294118
      ]
    }
  ],
  "analysis": [
    {
      "\u914d\u7f6e": "\u539f\u59cb\u914d\u7f6e",
      "\u8bad\u7ec3\u51c6\u786e\u7387": 0.8253012048192772,
      "\u6d4b\u8bd5\u51c6\u786e\u7387": 0.6904761904761905,
      "\u8fc7\u62df\u5408\u7a0b\u5ea6": 0.1348250143430867,
      "\u8fed\u4ee3\u6b21\u6570": 23,
      "\u7f51\u7edc\u5927\u5c0f": "(32, 16)",
      "\u6b63\u5219\u5316\u5f3a\u5ea6": 0.001,
      "\u7efc\u5408\u5f97\u5206": 0.4208261617900171
    },
    {
      "\u914d\u7f6e": "\u964d\u4f4e\u590d\u6742\u5ea6",
      "\u8bad\u7ec3\u51c6\u786e\u7387": 0.5783132530120482,
      "\u6d4b\u8bd5\u51c6\u786e\u7387": 0.5476190476190477,
      "\u8fc7\u62df\u5408\u7a0b\u5ea6": 0.030694205393000495,
      "\u8fed\u4ee3\u6b21\u6570": 14,
      "\u7f51\u7edc\u5927\u5c0f": "(16, 8)",
      "\u6b63\u5219\u5316\u5f3a\u5ea6": 0.001,
      "\u7efc\u5408\u5f97\u5206": 0.4862306368330467
    },
    {
      "\u914d\u7f6e": "\u589e\u5f3a\u6b63\u5219\u5316",