{
  "selected_indices": [
    3,
    10,
    11,
    15,
    20,
    21,
    35,
    43,
    44,
    48,
    50,
    51
  ],
  "selected_features": [
    "feature_3",
    "feature_10",
    "feature_11",
    "feature_15",
    "feature_20",
    "feature_21",
    "feature_35",
    "feature_43",
    "feature_44",
    "feature_48",
    "feature_50",
    "feature_51"
  ],
  "n_features_original": 60,
  "n_features_selected": 12,
  "coefficients": [
    0.0,
    0.0,
    0.0,
    0.09303599651116604,
    0.0,
    0.0,
    0.0,
    0.0,
    0.0,
    0.0,
    0.41703976470268606,
    0.16771992998410512,
    0.0,
    0.0,
    0.0,
    -0.0484415720263259,
    0.0,
    0.0,
    0.0,
    0.0,
    0.1465460002528297,
    0.0490834397058545,
    0.0,
    0.0,
    0.0,
    0.0,
    0.0,
    0.0,
    0.0,
    0.0,
    0.0,
    0.0,
    0.0,
    0.0,
    0.0,
    -0.42274677390658916,
    0.0,
    0.0,
    0.0,
    0.0,
    0.0,
    0.0,
    0.0,
    0.07161154158269718,
    0.3341677979995549,
    0.0,
    0.0,
    0.0,
    0.29498773955881974,
    0.0,
    0.010641071469422784,
    0.15013466490868682,
    0.0,
    0.0,
    0.0,
    0.0,
    0.0,
    0.0,
    0.0,
    0.0
  ]
}